{
  "model_name": "RandomForest",
  "run_id": "c768bcf499dc47558672cb277af4e816",
  "accuracy": 0.9,
  "f1_macro": 0.899749373433584,
  "cv_accuracy": 0.95,
  "cv_std": 0.016666666666666698,
  "training_time": 0.04136180877685547,
  "all_metrics": {
    "accuracy": 0.9,
    "precision_macro": 0.9023569023569024,
    "recall_macro": 0.9,
    "f1_macro": 0.899749373433584,
    "precision_weighted": 0.9023569023569024,
    "recall_weighted": 0.9,
    "f1_weighted": 0.8997493734335839,
    "precision_setosa": 1.0,
    "recall_setosa": 1.0,
    "f1_setosa": 1.0,
    "precision_versicolor": 0.8181818181818182,
    "recall_versicolor": 0.9,
    "f1_versicolor": 0.8571428571428571,
    "precision_virginica": 0.8888888888888888,
    "recall_virginica": 0.8,
    "f1_virginica": 0.8421052631578947
  },
  "model_params": {
    "n_estimators": 100,
    "max_depth": null
  }
}